{
    "loss": 2.4670701026916504,
    "accuracy": 0.686274528503418
}