{
    "loss": 3.0326411724090576,
    "accuracy": 0.7843137383460999
}